{"cameraMode":{"drawMode":0,"name":"Shaded","section":"Shading Mode"},"sceneLighting":false,"audioPlay":false,"sceneViewState":{"showFog":true,"showMaterialUpdate":false,"showSkybox":true,"showFlares":true,"showImageEffects":true,"showParticleSystems":true},"in2DMode":false,"pivot":{"x":3.6025447845458986,"y":5.442957878112793,"z":0.3624223470687866},"rotation":{"x":-0.29422008991241457,"y":0.5971709489822388,"z":-0.2498868703842163,"w":-0.703120231628418},"size":2.8578834533691408,"orthographic":false}